bytes,content-type,elapsed,endpoint,resource,status,entry-date,start-date,end-date
,application/zip,4.225,7a71c8f0a09abceb93c5f588a9ce205145ab0a1bbb9c8f7148371262e185ea24,760fcfe4d3197fc9d0a874014c86d7aca6499cd5004133c78d76a41b0d1189cd,200,2021-05-28T14:15:00.749032,,
,application/zip,3.978,7a71c8f0a09abceb93c5f588a9ce205145ab0a1bbb9c8f7148371262e185ea24,40f2122141a3b4d6592bd4387941b45c9fdfb7ba6931235aa02407bc13906d87,200,2021-05-29T02:06:17.058930,,
,application/zip,4.092,7a71c8f0a09abceb93c5f588a9ce205145ab0a1bbb9c8f7148371262e185ea24,ebfa430246df83dafc4eb24fae870bc6e3cf99a8438af48f6751ba314b682ad5,200,2021-05-30T02:20:37.228634,,
,application/zip,4.281,7a71c8f0a09abceb93c5f588a9ce205145ab0a1bbb9c8f7148371262e185ea24,730f46edb0387131fa3d0793445253dfc449eecd2153ada57ac16ca49b086388,200,2021-05-31T02:32:08.762261,,
,application/zip,3.883,7a71c8f0a09abceb93c5f588a9ce205145ab0a1bbb9c8f7148371262e185ea24,6bdcda6759cae4110980e59439dc60bab9b2eecea87ff0d92878848f1a603d3f,200,2021-06-01T02:56:37.782236,,
,application/zip,4.1,7a71c8f0a09abceb93c5f588a9ce205145ab0a1bbb9c8f7148371262e185ea24,e3dd7a7df8f3541f9f8ff2bd965358cdda7dbda8605996b70e6e5127c6ff7dc4,200,2021-06-02T02:58:31.967923,,
,application/zip,3.898,7a71c8f0a09abceb93c5f588a9ce205145ab0a1bbb9c8f7148371262e185ea24,d4490e81b59c8470faa50e65d3260675853d5f70eb58a1716c3ea4eac489b82d,200,2021-06-03T02:34:18.487103,,
,application/zip,4.662,7a71c8f0a09abceb93c5f588a9ce205145ab0a1bbb9c8f7148371262e185ea24,bd132b30f45cdecb47ca4bac8ed7e86e31278593b9b7ec74e46e663719125bc3,200,2021-06-04T02:00:38.563863,,
,application/zip,4.343,7a71c8f0a09abceb93c5f588a9ce205145ab0a1bbb9c8f7148371262e185ea24,19793fe9bcbe85e07ab7a34d7e24e7f5f99559f1555821064a2c7119fbcee147,200,2021-06-05T01:43:03.226788,,
,application/zip,3.857,7a71c8f0a09abceb93c5f588a9ce205145ab0a1bbb9c8f7148371262e185ea24,266ad8986ed3e84778a15c63d01206dccf4345d09eb09ff26952b73e95144a18,200,2021-06-06T01:31:45.206006,,
,application/zip,4.407,7a71c8f0a09abceb93c5f588a9ce205145ab0a1bbb9c8f7148371262e185ea24,ff7fcd4b148fd350349cae8214b5b13790523a4e15b9deda7ed836f96364d80b,200,2021-06-07T01:37:20.510977,,
,application/zip,4.712,7a71c8f0a09abceb93c5f588a9ce205145ab0a1bbb9c8f7148371262e185ea24,71b3359e7693a3a52b32952d5883efc1a88d81174e6315e2573812d24e768738,200,2021-06-08T01:30:44.877808,,
,application/zip,3.888,7a71c8f0a09abceb93c5f588a9ce205145ab0a1bbb9c8f7148371262e185ea24,7f32e382d6ae7139f28ed79c970f95f35a62059964b475516e998f0d8cac6d43,200,2021-06-09T01:09:16.553777,,
,application/zip,4.772,7a71c8f0a09abceb93c5f588a9ce205145ab0a1bbb9c8f7148371262e185ea24,1838d9403bc7fc2889415b9103d7d8f13efd8b0e81c21de11bcb083d474906f8,200,2021-06-10T01:07:15.324203,,
,application/zip,3.958,7a71c8f0a09abceb93c5f588a9ce205145ab0a1bbb9c8f7148371262e185ea24,a6d21ca54777c6689c0589efea399eeef24c7db9961f35f02b9ee1a55a21d33b,200,2021-06-11T01:01:05.148820,,
,application/zip,3.994,7a71c8f0a09abceb93c5f588a9ce205145ab0a1bbb9c8f7148371262e185ea24,d46908cd2df708ba158690838bf588f0bfee77252d074ae7b8ed047d4480fec0,200,2021-06-12T00:56:49.290552,,
,application/zip,4.338,7a71c8f0a09abceb93c5f588a9ce205145ab0a1bbb9c8f7148371262e185ea24,e916e2ee36546b100465f91e1a94bbb55c57339c8bc3e26c974e99ea7f6dd4b5,200,2021-06-13T01:02:59.591658,,
,application/zip,4.261,7a71c8f0a09abceb93c5f588a9ce205145ab0a1bbb9c8f7148371262e185ea24,e30577810bb713105f859002b53f70de5ac3153342ac4af2bfa818c7270fbc38,200,2021-06-14T00:59:15.697505,,
,application/zip,3.838,7a71c8f0a09abceb93c5f588a9ce205145ab0a1bbb9c8f7148371262e185ea24,fca1da1807e15179b41dafd5adfa0b53c749f745585a08ebcc0579c5bc51fa15,200,2021-06-15T01:03:45.976582,,
,application/zip,4.454,7a71c8f0a09abceb93c5f588a9ce205145ab0a1bbb9c8f7148371262e185ea24,def917b8717759798da405cd6db497e4c3cfe9c0b30f656498b17a5b73ece557,200,2021-06-16T01:01:12.834129,,
,application/zip,3.925,7a71c8f0a09abceb93c5f588a9ce205145ab0a1bbb9c8f7148371262e185ea24,138fba51d494d1c6a498e0408a93aeb4e20452a4a4bda30351b5a21cb1b7fe93,200,2021-06-17T00:58:29.431902,,
,application/zip,3.972,7a71c8f0a09abceb93c5f588a9ce205145ab0a1bbb9c8f7148371262e185ea24,d5ad59c93b22cff6d2657517ca259477085d66932ff31728a72f082309fa908f,200,2021-06-18T01:01:57.525642,,
,application/zip,3.933,7a71c8f0a09abceb93c5f588a9ce205145ab0a1bbb9c8f7148371262e185ea24,ad88ba61465f7b90cbb96f705fdbf5fbde118cd0cb5546313d576e39ac968e42,200,2021-06-19T01:01:17.228295,,
,application/zip,4.104,7a71c8f0a09abceb93c5f588a9ce205145ab0a1bbb9c8f7148371262e185ea24,0b04a8aa4b13120a1cccefc80fdd9070de4c3062050e6a56c47cd0f3f87db006,200,2021-06-20T01:03:33.837233,,
,application/zip,4.609,7a71c8f0a09abceb93c5f588a9ce205145ab0a1bbb9c8f7148371262e185ea24,99e7358cf19c7039f2fbfedfdf64f878d50a2e5c32357674c2376963908c3ad1,200,2021-06-21T01:05:51.567649,,
,application/zip,3.967,7a71c8f0a09abceb93c5f588a9ce205145ab0a1bbb9c8f7148371262e185ea24,d31516e1fb5832f9f4d90d708b1fd5a4145a043a80c535576ed68ee257ec0364,200,2021-06-22T00:58:25.119907,,
,application/zip,3.961,7a71c8f0a09abceb93c5f588a9ce205145ab0a1bbb9c8f7148371262e185ea24,e5e03b9e042845280d0c496bd3b6e2d267ea2f6c8bc280198b95f3e751f63213,200,2021-06-23T00:53:44.559643,,
,application/zip,4.397,7a71c8f0a09abceb93c5f588a9ce205145ab0a1bbb9c8f7148371262e185ea24,53c3a4a76915bfabffa66e7814bf78d73bc7ac36e8201fb3ab1353a75ea09ad6,200,2021-06-24T00:48:28.461420,,
,application/zip,3.841,7a71c8f0a09abceb93c5f588a9ce205145ab0a1bbb9c8f7148371262e185ea24,781aed3f2426688b169193f5e299f557d849afd346e0a41065f5ac8a00745acd,200,2021-06-25T01:06:12.739482,,
,application/zip,3.955,7a71c8f0a09abceb93c5f588a9ce205145ab0a1bbb9c8f7148371262e185ea24,070530d3c23653315605e4ff2f892ac5388fd8d710829a264a9dfaec28f21528,200,2021-06-26T00:58:28.341348,,
,application/zip,4.77,7a71c8f0a09abceb93c5f588a9ce205145ab0a1bbb9c8f7148371262e185ea24,80c16d5c5aab3f4baf0a72c94e164dc557020819bc215cd0afafce8c28bd9775,200,2021-06-27T01:08:49.052877,,
,application/zip,3.936,7a71c8f0a09abceb93c5f588a9ce205145ab0a1bbb9c8f7148371262e185ea24,ede2ad7c55bc417613f4ac6b1ccfa143c5bd3e348791b69e21a973ecb4cd32cd,200,2021-06-28T01:02:47.087667,,
,application/zip,3.91,7a71c8f0a09abceb93c5f588a9ce205145ab0a1bbb9c8f7148371262e185ea24,023095a8b065d0a1ab8c23a0b7cfd3ff1a7d2e4385dabf5f83629abf69bc198f,200,2021-06-29T00:58:47.635844,,
,application/zip,4.474,7a71c8f0a09abceb93c5f588a9ce205145ab0a1bbb9c8f7148371262e185ea24,842b3a82aa0ecf8333156b11342143f0465394605764a3f552297dd3803aa649,200,2021-06-30T01:04:16.869030,,
,application/zip,4.01,7a71c8f0a09abceb93c5f588a9ce205145ab0a1bbb9c8f7148371262e185ea24,b8c6f56bd8d65addcf61a561bf68c678da0b1e18c00d102d81f6e34d5f878c4c,200,2021-07-01T01:04:28.327198,,
,application/zip,3.921,7a71c8f0a09abceb93c5f588a9ce205145ab0a1bbb9c8f7148371262e185ea24,6b5219e44d37c5a13a9549c574fcebfa28ed1d86f58f1ca4c12331a96480b9b0,200,2021-07-02T01:01:09.352519,,
,application/zip,3.975,7a71c8f0a09abceb93c5f588a9ce205145ab0a1bbb9c8f7148371262e185ea24,d000a1aa0c48165b4dc9093860944c926fe976f4d722d81a7f82b4780eb3bc28,200,2021-07-03T00:59:38.502643,,
,application/zip,4.47,7a71c8f0a09abceb93c5f588a9ce205145ab0a1bbb9c8f7148371262e185ea24,73c377365fbb05ec98d633efe8a7c7bdccbfcc538e5b657e57c5751aceeba53a,200,2021-07-04T01:02:35.499133,,
,application/zip,3.946,7a71c8f0a09abceb93c5f588a9ce205145ab0a1bbb9c8f7148371262e185ea24,d4e5fa282866288fc247a532d28ea3ddbf37fb48d15901cd7b6e03a169e6972d,200,2021-07-05T00:59:50.832156,,
,application/zip,4.007,7a71c8f0a09abceb93c5f588a9ce205145ab0a1bbb9c8f7148371262e185ea24,0d17df8c4b0fa875e125a8ddf7810cf184982c4b65054009a82a07079b04a7da,200,2021-07-06T01:05:34.983245,,
,application/zip,4.339,7a71c8f0a09abceb93c5f588a9ce205145ab0a1bbb9c8f7148371262e185ea24,ec18b1c9d5dd129ef5ee5dca2df59a66e6b0db074c60add90c1468a22d0dca6e,200,2021-07-07T01:04:26.108127,,
,application/zip,4.562,7a71c8f0a09abceb93c5f588a9ce205145ab0a1bbb9c8f7148371262e185ea24,611880e286a808bab1bf0dd2b5c3bcb1bd597e5523d1285ab7b7d7b98158f9b4,200,2021-07-08T01:01:44.485528,,
,application/zip,3.946,7a71c8f0a09abceb93c5f588a9ce205145ab0a1bbb9c8f7148371262e185ea24,e4dc7358d68bd5c76e849fab85178f8b6b5daea24da99574cb053fa6afb09daa,200,2021-07-09T01:02:25.347368,,
,application/zip,3.871,7a71c8f0a09abceb93c5f588a9ce205145ab0a1bbb9c8f7148371262e185ea24,eb09bc448b34e1b705b6286d20a7da60d128918c76abd4158dcea990b2f37278,200,2021-07-10T01:00:17.508488,,
,application/zip,3.891,7a71c8f0a09abceb93c5f588a9ce205145ab0a1bbb9c8f7148371262e185ea24,5ae821340b28737a849d59f74989fead55fea70c43344ee2483bac14f2ef0d9e,200,2021-07-11T01:07:34.731006,,
,application/zip,3.974,7a71c8f0a09abceb93c5f588a9ce205145ab0a1bbb9c8f7148371262e185ea24,d5c2a54b96f37f2b6d87e5a69e66d414cc1faa8a77d6347faf07ed177e0cf22a,200,2021-07-12T01:00:39.459740,,
,application/zip,3.954,7a71c8f0a09abceb93c5f588a9ce205145ab0a1bbb9c8f7148371262e185ea24,876cb250f601dcb5ce5f0214d205b52976853a38634a3b2e6d84a254d4856283,200,2021-07-13T01:03:48.503863,,
,application/zip,4.046,7a71c8f0a09abceb93c5f588a9ce205145ab0a1bbb9c8f7148371262e185ea24,4cced0e7edabf6f8b647af1fcd450ae0f71f8332ba9718c0b8e2072b127240ce,200,2021-07-14T00:58:12.153451,,
,application/zip,4.445,7a71c8f0a09abceb93c5f588a9ce205145ab0a1bbb9c8f7148371262e185ea24,add73fe58e0d750e9c3262e232dac6309faaa6d036ff8ae4089811e24218d712,200,2021-07-15T01:03:14.490856,,
,application/zip,4.455,7a71c8f0a09abceb93c5f588a9ce205145ab0a1bbb9c8f7148371262e185ea24,9cc740094dd872371afe230b2d58a34d54c90825948845d8193412c400dc4fdf,200,2021-07-16T01:02:19.548292,,
,application/zip,4.414,7a71c8f0a09abceb93c5f588a9ce205145ab0a1bbb9c8f7148371262e185ea24,75af46c69dcf04dc275171f8ef7ab62cd7ad73ed6000ffa7a35f5861d0a0cf97,200,2021-07-17T00:59:53.906436,,
,application/zip,4.395,7a71c8f0a09abceb93c5f588a9ce205145ab0a1bbb9c8f7148371262e185ea24,b83b5a1d19f4396f9c005c501e5c3d4e5ef21d8d5f5697df7d89d5522099c9fe,200,2021-07-18T01:03:08.210939,,
,application/zip,4.027,7a71c8f0a09abceb93c5f588a9ce205145ab0a1bbb9c8f7148371262e185ea24,bbc253a68f7577571764ba4c512ec224f0d3bd8caa37a838427fe0649b7ec07f,200,2021-07-19T01:01:33.713731,,
,application/zip,3.885,7a71c8f0a09abceb93c5f588a9ce205145ab0a1bbb9c8f7148371262e185ea24,789f5685bf2cf27941a71f6dcb8febb86b29de943ce32f4714f572e826c9f789,200,2021-07-20T01:05:54.055248,,
,application/zip,4.413,7a71c8f0a09abceb93c5f588a9ce205145ab0a1bbb9c8f7148371262e185ea24,e559fd79d2b7295c73dcf19331b22edee0f6de02ec2aab7fa66b2e08012c7720,200,2021-07-21T01:03:30.384358,,
,application/zip,4.296,7a71c8f0a09abceb93c5f588a9ce205145ab0a1bbb9c8f7148371262e185ea24,2c4b8ec12a3177be1baeeaba8a99be990d8b9ae6946f8150bd72dc318e535fb5,200,2021-07-22T01:03:36.597172,,
,application/zip,4.807,7a71c8f0a09abceb93c5f588a9ce205145ab0a1bbb9c8f7148371262e185ea24,d5d94c3539d538676e31ee330e8e8a96a5f836d63bdcb558e91d68daa6a805d8,200,2021-07-23T01:02:38.524241,,
,application/zip,4.471,7a71c8f0a09abceb93c5f588a9ce205145ab0a1bbb9c8f7148371262e185ea24,d7a0e7147d42a26bf8d0b20720430db376a40395ab0610ce124262eaf8bd5a45,200,2021-07-24T01:02:15.305822,,
,application/zip,4.469,7a71c8f0a09abceb93c5f588a9ce205145ab0a1bbb9c8f7148371262e185ea24,be7954be53ef5309d371c053c3e325b6c17df1619592cd2023fcb91f73e50d5c,200,2021-07-25T01:03:44.587864,,
,application/zip,3.952,7a71c8f0a09abceb93c5f588a9ce205145ab0a1bbb9c8f7148371262e185ea24,c5eb33b1af45d403ca657c79b242724a4f2a5997a79427d061bb4b9918623cc6,200,2021-07-26T01:01:34.873805,,
,application/zip,3.82,7a71c8f0a09abceb93c5f588a9ce205145ab0a1bbb9c8f7148371262e185ea24,265edfe99aaf0945064b0b5f0ce30286c91f59727781f64cad59d2acb9b56754,200,2021-07-27T01:02:40.423975,,
,application/zip,3.907,7a71c8f0a09abceb93c5f588a9ce205145ab0a1bbb9c8f7148371262e185ea24,ebb48cc07b3279c40798e37941b160bb38253207c43dec39223783e9a5c7827c,200,2021-07-28T01:06:18.907384,,
,application/zip,4.475,7a71c8f0a09abceb93c5f588a9ce205145ab0a1bbb9c8f7148371262e185ea24,b0e8a42ad2c52c23966f6a4ec46efe9812f44ed4ad6c8cd4ad8dff39d6495a84,200,2021-07-29T01:00:40.735018,,
,application/zip,3.946,7a71c8f0a09abceb93c5f588a9ce205145ab0a1bbb9c8f7148371262e185ea24,2ab831a130ce9e561112c6cbcc244622edf4a01ab6b39c7ec8d3a2ac2c7b1a1a,200,2021-07-30T01:03:05.554185,,
,application/zip,3.986,7a71c8f0a09abceb93c5f588a9ce205145ab0a1bbb9c8f7148371262e185ea24,b8d91f6d553b066fa464b1734fb5c29d5f6c4d66cd5c1d9e2d3c5c52d6f93840,200,2021-07-31T01:01:07.497463,,
,application/zip,3.913,7a71c8f0a09abceb93c5f588a9ce205145ab0a1bbb9c8f7148371262e185ea24,51170f8505806f808db2c54cfed487563116645d3e16092998345b898306e36b,200,2021-08-01T01:09:41.769728,,
,application/zip,3.961,7a71c8f0a09abceb93c5f588a9ce205145ab0a1bbb9c8f7148371262e185ea24,a35bdd18b18701f6b90e399c1a5d47c5350d79e5dade20f984af13af6919398c,200,2021-08-02T01:01:27.202760,,
,application/zip,4.248,7a71c8f0a09abceb93c5f588a9ce205145ab0a1bbb9c8f7148371262e185ea24,a1c8f82b1480cdb9931c2557bfd26f7df0bc059b4661167950e0493f5029f7cc,200,2021-08-03T01:06:00.184206,,
,application/zip,4.746,7a71c8f0a09abceb93c5f588a9ce205145ab0a1bbb9c8f7148371262e185ea24,139682d2fbe08206c35ecc6b5bb666fdbbbead6dd7ad93a3ee2c866d9fc78ed3,200,2021-08-04T01:01:13.731696,,
,application/zip,3.937,7a71c8f0a09abceb93c5f588a9ce205145ab0a1bbb9c8f7148371262e185ea24,0be556c92f8982178c9f7c024a28ffcdc12126117f3b5f4d782a987013f6ddf9,200,2021-08-05T01:02:20.969902,,
,application/zip,4.311,7a71c8f0a09abceb93c5f588a9ce205145ab0a1bbb9c8f7148371262e185ea24,011fde2da3cccdf48a02f62d35b0287d6e01c45a8a04cd0ed2d5e0d3419311c1,200,2021-08-06T01:05:34.980156,,
,application/zip,3.854,7a71c8f0a09abceb93c5f588a9ce205145ab0a1bbb9c8f7148371262e185ea24,4d3e7e301cf2fa730469f0f16926128c0f6dc778397dd9ce289858488bf986f8,200,2021-08-07T00:56:24.396232,,
,application/zip,3.999,7a71c8f0a09abceb93c5f588a9ce205145ab0a1bbb9c8f7148371262e185ea24,955af6d22f53591cdf445098d829796f0a8feedcd0d6711084fd6b7c12eec973,200,2021-08-08T01:02:07.224489,,
,application/zip,3.942,7a71c8f0a09abceb93c5f588a9ce205145ab0a1bbb9c8f7148371262e185ea24,94da89564b526aba09848e2cec3d232a335b51728d7cf8cace1efe83b1f8c88c,200,2021-08-09T01:01:55.233973,,
,application/zip,4.749,7a71c8f0a09abceb93c5f588a9ce205145ab0a1bbb9c8f7148371262e185ea24,e8b0b0ceaf77d097739cad962a9f5fe867ffa1988d9e2806d5e813204ddea147,200,2021-08-10T01:03:56.295030,,
,application/zip,3.919,7a71c8f0a09abceb93c5f588a9ce205145ab0a1bbb9c8f7148371262e185ea24,9a5c65b08bf3b732849c3d6c1f184d606c41ca53a96696f0a83a7ee37e5010f2,200,2021-08-11T01:02:36.041053,,
,application/zip,3.942,7a71c8f0a09abceb93c5f588a9ce205145ab0a1bbb9c8f7148371262e185ea24,90d1335c58808ba5faae49a11dadb654e91b486e4a2958d5302dc1158f5c6bcc,200,2021-08-12T01:00:17.848697,,
,application/zip,4.03,7a71c8f0a09abceb93c5f588a9ce205145ab0a1bbb9c8f7148371262e185ea24,40a78575a7da83ba210a52a2c49e4bfb5707772efd312732bbffdfd6dc686762,200,2021-08-13T01:01:44.270167,,
,application/zip,3.923,7a71c8f0a09abceb93c5f588a9ce205145ab0a1bbb9c8f7148371262e185ea24,f354e08ceb81113d2c8ff5154dba93b2c97ea5d120208d66a53a70c91ae678d6,200,2021-08-14T00:57:11.531174,,
,application/zip,3.957,7a71c8f0a09abceb93c5f588a9ce205145ab0a1bbb9c8f7148371262e185ea24,642c6779feb2afc09b2137eb9e9513650ba990afa406c4eda85f3d13b93f7d9f,200,2021-08-15T01:00:36.909966,,
,application/zip,3.904,7a71c8f0a09abceb93c5f588a9ce205145ab0a1bbb9c8f7148371262e185ea24,b6ef6b87e1b0c70107aec4773aa701f97534e33eddcb0b26c53a6f4376c1d29e,200,2021-08-16T01:00:23.126259,,
,application/zip,3.873,7a71c8f0a09abceb93c5f588a9ce205145ab0a1bbb9c8f7148371262e185ea24,ff16b1f3a6ed078d661253ebf575179bb7f8375ecbbace1c73412e20436bc74f,200,2021-08-17T00:59:53.954715,,
,application/zip,3.944,7a71c8f0a09abceb93c5f588a9ce205145ab0a1bbb9c8f7148371262e185ea24,64c08625ab08c5bafa103665e68231835baaf92b05ced1e2660ee0769a24e504,200,2021-08-18T01:01:20.675633,,
,application/zip,3.951,7a71c8f0a09abceb93c5f588a9ce205145ab0a1bbb9c8f7148371262e185ea24,a71f8f2bc5cb7f26ac80d0f81293aa262aa73f6e713cbcc221a2c60225e716c3,200,2021-08-19T00:54:10.739001,,
,application/zip,3.896,7a71c8f0a09abceb93c5f588a9ce205145ab0a1bbb9c8f7148371262e185ea24,5eab9819026e0b416f801f3fe13dabb17139d0fa12ec663c47680078b1804c8a,200,2021-08-20T00:59:12.884785,,
,application/zip,5.117,7a71c8f0a09abceb93c5f588a9ce205145ab0a1bbb9c8f7148371262e185ea24,219c6d1f0299d7bf8b696445652900a643ad127f88642409e54a23a246c41610,200,2021-08-21T00:58:49.529425,,
,application/zip,4.042,7a71c8f0a09abceb93c5f588a9ce205145ab0a1bbb9c8f7148371262e185ea24,4e52cb73982521d232aff61c3b02e66663dfeba81d28899067201c5281681cfc,200,2021-08-22T00:59:32.790517,,
,application/zip,3.859,7a71c8f0a09abceb93c5f588a9ce205145ab0a1bbb9c8f7148371262e185ea24,89b7c082dab886046afae9d90f03d2d88c262d7dcaf0709865777fe7a848fb8b,200,2021-08-23T00:56:23.045974,,
,application/zip,3.894,7a71c8f0a09abceb93c5f588a9ce205145ab0a1bbb9c8f7148371262e185ea24,21dd0cb1e94142c301f4dc31cc205ddf6c5990e090aab747afd420cb0ae36e9a,200,2021-08-24T00:59:10.294875,,
,application/zip,3.926,7a71c8f0a09abceb93c5f588a9ce205145ab0a1bbb9c8f7148371262e185ea24,e7b67cfdc615ccd2ca57bb1b4aee07e698719c11fa30996df29a821ff16fff1a,200,2021-08-25T01:00:02.786498,,
,application/zip,4.205,7a71c8f0a09abceb93c5f588a9ce205145ab0a1bbb9c8f7148371262e185ea24,01dc77414fd5b8d1aa46477ed79c2f4c88af90e0a3843e1580389dfd5fb21a97,200,2021-08-26T00:58:52.541910,,
,application/zip,3.92,7a71c8f0a09abceb93c5f588a9ce205145ab0a1bbb9c8f7148371262e185ea24,e9fdc268e9a9864fd0da7cd62dacbba1825088c293031acb8dfe44c2f9248091,200,2021-08-27T01:04:33.355435,,
,application/zip,4.158,7a71c8f0a09abceb93c5f588a9ce205145ab0a1bbb9c8f7148371262e185ea24,382dd05e9f1c116e8a012d2ea66a131c074ff29653419210c8cccd368bef3f2c,200,2021-08-28T00:57:39.184280,,
,application/zip,4.074,7a71c8f0a09abceb93c5f588a9ce205145ab0a1bbb9c8f7148371262e185ea24,6b0e9a88758ee4e48bd646e531c976b7d5c6e30fb0f9cda4b777a509d1e88cdf,200,2021-08-29T01:02:55.235952,,
,application/zip,3.877,7a71c8f0a09abceb93c5f588a9ce205145ab0a1bbb9c8f7148371262e185ea24,3d2e4d19bad307e215b2b81016578d15343d1024a4289e1dbe68104c3c4246b3,200,2021-08-30T01:01:13.184198,,
,application/zip,4.147,7a71c8f0a09abceb93c5f588a9ce205145ab0a1bbb9c8f7148371262e185ea24,c20e31c7f6565ddc7414c7db92eef5e35270836228306aa1de531853f3d63174,200,2021-08-31T01:02:15.879153,,
,application/zip,3.917,7a71c8f0a09abceb93c5f588a9ce205145ab0a1bbb9c8f7148371262e185ea24,e717601af182c3d8edd762b9e59b8545c14341c1409e4a11e2ba26344a5128d1,200,2021-09-01T01:07:11.433941,,
,application/zip,5.195,7a71c8f0a09abceb93c5f588a9ce205145ab0a1bbb9c8f7148371262e185ea24,b5e849945e26f959ab6928515577ceb8891d3b97841df93ac5be3908462de720,200,2021-09-02T01:02:16.134531,,
,application/zip,3.965,7a71c8f0a09abceb93c5f588a9ce205145ab0a1bbb9c8f7148371262e185ea24,dbdc83846412bdc83d28b655bb15502fafabeec9e29f89fa570d25f63bcd4a5b,200,2021-09-03T01:01:31.242659,,
