old-resource,status,resource,notes
0e2cc42c6fcd06aebb3717e9a13cefbaa5a3c6590ba044d8812e25eda3e98ebb,410,,paused processing
111622fd0f0d9dd506764bdc361b45d2f7fb1c7a7297e2310109d662020a26b7,410,,paused processing
26dfbfa718b56dbf76a8d2182859371073a63332600a8860c8bd84fcc09cbbe1,410,,paused processing
5d462aa86f638be20e7fe0d531434f3bf10761dee2dbcf8b5c7e11532f8fc7d1,410,,paused processing
6f74ea15b5cd53bc752d23a6d5a1f25388bd330c9c7617f97bf921d1b174da41,410,,paused processing
78d688e8977bcfeb00ce80679b2443b836b1ae275d87c6c0b8254a54f941efb1,410,,paused processing
7f9b19c1c5b08e6619b164ef2e18812a8199ae150e8303072a41df89e1954022,410,,paused processing
983d409a0aedfa6efe9d8ba0a66d154566fe1ab826e4f09a9bd5e9339c1d06a5,410,,paused processing
bcc3680ca22f1e011cf1e1484d62f86f9ddf5d6ebfbd15d2c6a770f56b454440,410,,paused processing
c664927a77fa482d9671464599f0c007218793db3bb68b17e45f3dd8bdb8e85c,410,,paused processing
c8d32155174262eec375bcbac5b2c89ed43e27a8946f999526c6b453095b2b8c,410,,paused processing
d7f1e9256d7001793b0f7004fa741e205f988ad24a1d60cc28970f8334a355a5,410,,paused processing
ebf46d50cde4bdd1fec04890e12eebc7158983ab24a7bf33c0469a06cf902552,410,,paused processing
f099d2b394eae7a6f0c12957ec55324a01346dd87d914c4b4b61aeb4206ea82d,410,,paused processing
070d2a4b694ff9de4b3616f6a9b1703197d707a849a0caea220b6e4ad04be81b,410,,replaced
